run_id,timestamp,backend,model,media_type,dataset,labels_file,positive_label,number_of_items,number_succeeded,number_failed,total_execution_time,model_loading_time,mean_item_execution_time,p95_item_execution_time,throughput_items_per_sec,total_duration_ns,load_duration_ns,prompt_eval_count,eval_count,eval_duration_ns
ccab03e347c24f268818b7545144af6d,2026-10-02T10:58:44.094116+00:00,ollama,llava,image,dataset_53,image/dataset_53/labels.txt,1,53,53,0,75.89534019799976,,1.4318903638867906,1.7778549650001878,0.6983300932801778,1080353155,26089933,649,87,925462000
057e270095434661a736c134d8ab730e,2026-10-02T11:01:10.612377+00:00,ollama,gemma3:12b,image,dataset_53,image/dataset_53/labels.txt,1,53,53,0,144.88384838499996,,2.733562661698078,2.9418967510000584,0.36581027209577605,2465591238,407393270,331,85,1770107000
a79152fefcd24211b505e53133e51582,2026-10-02T11:01:16.053073+00:00,ollama,llama3.2-vision:11b,image,dataset_53,image/dataset_53/labels.txt,1,53,0,0,3.5754282210000383,,,,0.0,,,,,
2fd40924c8e241829286ab2143200250,2026-10-02T11:01:26.637529+00:00,huggingface,dima806/deepfake_vs_real_image_detection,image,dataset_53,image/dataset_53/labels.txt,1,53,53,0,1.1176234160002423,2.1076367410000785,0.020971314320728917,0.013840527999946062,47.42205580272891,,,,,
2ee35b39838240ce9e99da6760544522,2026-10-02T11:01:36.022222+00:00,huggingface,prithivMLmods/Deep-Fake-Detector-v2-Model,image,dataset_53,image/dataset_53/labels.txt,1,53,53,0,0.902438261000043,2.08762151899964,0.0169094162641519,0.013475998000103573,58.72977941035844,,,,,
e5441dc110c94c36b9fc4adf37c87a9a,2026-10-02T11:01:46.134862+00:00,huggingface,Organika/sdxl-detector,image,dataset_53,image/dataset_53/labels.txt,1,53,53,0,2.12193268899955,2.314826273000108,0.039925290943430364,0.040736902999924496,24.9772296146625,,,,,
982795f7e2614adabb630f15bdaccad3,2026-10-02T11:05:03.233275+00:00,ollama,llava,image,dataset_100,image/dataset_100/labels.txt,1,100,100,0,194.50123783100025,,1.9448690655900736,4.114379290000215,0.5141355454348767,2947122922,365836715,649,114,1335924000
36a3808419f347358c27ca4b3aaf5046,2026-10-02T11:11:07.999458+00:00,ollama,gemma3:12b,image,dataset_100,image/dataset_100/labels.txt,1,100,100,0,361.72904618600023,,3.6171778462300153,5.891140990999702,0.27645001432530864,4187569277,747751428,331,70,1490181000
b4d9ca332b0f426b9e34197a232765f8,2026-10-02T11:11:14.975342+00:00,ollama,llama3.2-vision:11b,image,dataset_100,image/dataset_100/labels.txt,1,100,0,0,4.496098672999324,,,,0.0,,,,,
fae6c58e103b4204a343dca3a41e3acf,2026-10-02T11:11:37.884377+00:00,huggingface,dima806/deepfake_vs_real_image_detection,image,dataset_100,image/dataset_100/labels.txt,1,100,100,0,13.081032643999606,2.2393771639999613,0.13067948645993055,0.5896804929998325,7.644656406072876,,,,,
a6d872d73285410d8c05f5100fdd7dde,2026-10-02T11:11:58.312563+00:00,huggingface,prithivMLmods/Deep-Fake-Detector-v2-Model,image,dataset_100,image/dataset_100/labels.txt,1,100,100,0,12.3413143759999,2.2205317870002546,0.12328821431996402,0.5322582420003528,8.102864650662296,,,,,
60f94dafc55642b1857f7abfe2ad4d63,2026-10-02T11:12:20.122077+00:00,huggingface,Organika/sdxl-detector,image,dataset_100,image/dataset_100/labels.txt,1,100,100,0,14.055547299999489,2.2174722200006727,0.14043701800001146,0.5787007000008089,7.114628684718925,,,,,
ba7f69c4f9bb4becacc5d5d084c21a8f,2026-10-02T11:14:53.502859+00:00,ollama,llava,image,cifake,image/cifake/labels.txt,1,100,100,0,150.61547342299946,,1.5060554094199778,2.032195167000282,0.663942407292727,1966482916,25915930,649,155,1702314000
ff194d734b7941acb54cc3eb3416def4,2026-10-02T11:20:00.126155+00:00,ollama,gemma3:12b,image,cifake,image/cifake/labels.txt,1,100,100,0,304.8228694069994,,3.048128778639948,3.318211777000215,0.32805937492334286,3020048603,409743075,331,86,1807788000
bf4dddcc4afd4a4a911e916b50bdde0c,2026-10-02T11:20:06.886675+00:00,ollama,llama3.2-vision:11b,image,cifake,image/cifake/labels.txt,1,100,0,0,4.24818462300027,,,,0.0,,,,,
8267787d149d40b380bbfde5ce399a23,2026-10-02T11:20:17.286290+00:00,huggingface,dima806/deepfake_vs_real_image_detection,image,cifake,image/cifake/labels.txt,1,100,100,0,1.3822883689999799,2.1040694430002986,0.013726875270058371,0.012011890000394487,72.34380484033535,,,,,
99de7e6f2b044fbb893ce3be9d071cf8,2026-10-02T11:20:26.575563+00:00,huggingface,prithivMLmods/Deep-Fake-Detector-v2-Model,image,cifake,image/cifake/labels.txt,1,100,100,0,1.208636086000297,2.1796013630000743,0.011995690799985824,0.011737673000425275,82.73789038595314,,,,,
34b766f7b6a54f96a83fb408f8f24325,2026-10-02T11:20:37.528371+00:00,huggingface,Organika/sdxl-detector,image,cifake,image/cifake/labels.txt,1,100,100,0,3.410554071999286,2.2050423329992554,0.033980070119969244,0.03707127599955129,29.32074903048801,,,,,
9a0d839337d1434fb4c3e7fef8019ff9,2026-10-02T11:23:08.579602+00:00,ollama,llava,image,hemg-images,image/hemg-images/labels.txt,1,100,100,0,148.46739814400007,,1.484582003500036,1.9571359000001394,0.6735485450011656,1563832252,28745505,649,122,1266965000
89e6ea175ab44e02ab38ca91ba873d10,2026-10-02T11:28:03.203572+00:00,ollama,gemma3:12b,image,hemg-images,image/hemg-images/labels.txt,1,100,100,0,293.04432112700033,,2.930340586060047,3.2065181500001927,0.3412453092945682,3204325681,420068243,331,98,2014526000
75f16e000d5d45a390e1b531ed2e7764,2026-10-02T11:28:10.206505+00:00,ollama,llama3.2-vision:11b,image,hemg-images,image/hemg-images/labels.txt,1,100,0,0,4.45125796100001,,,,0.0,,,,,
ee18effed6304137a6923cd55f523391,2026-10-02T11:28:19.316398+00:00,huggingface,dima806/deepfake_vs_real_image_detection,image,hemg-images,image/hemg-images/labels.txt,1,100,100,0,1.3784719670002232,2.1294353780003803,0.013686644660028833,0.01284569399922475,72.54409403596077,,,,,
d48be518d4474fdcb772284a2e57a87f,2026-10-02T11:28:28.370190+00:00,huggingface,prithivMLmods/Deep-Fake-Detector-v2-Model,image,hemg-images,image/hemg-images/labels.txt,1,100,100,0,1.2786675790002846,2.0290731940003752,0.01270135508999374,0.012446749999980966,78.20640926720309,,,,,
8ee0c55379434bb48499bd22cc26f397,2026-10-02T11:28:39.190482+00:00,huggingface,Organika/sdxl-detector,image,hemg-images,image/hemg-images/labels.txt,1,100,100,0,3.5010901529994953,2.261015045000022,0.034901195070015094,0.035296093999932054,28.562532134263044,,,,,
ea431bab90654c1298c364f417872c23,2026-10-02T11:28:53.673676+00:00,huggingface,mo-thecreator/Deepfake-audio-detection,audio,hemg-deepfakeaudio,audio/hemg-deepfakeaudio/labels.txt,1,100,100,0,6.811678770999606,2.447736918999908,0.06800203874003273,0.06661851399985608,14.680668798673416,,,,,
5d4bb07450df4c95bdd2e83d11d67883,2026-10-02T11:29:08.085358+00:00,huggingface,Hemgg/Deepfake-audio-detection,audio,hemg-deepfakeaudio,audio/hemg-deepfakeaudio/labels.txt,1,100,100,0,6.411987669000155,2.5187469200000123,0.06399787177003419,0.06501691900029982,15.595787946297373,,,,,
9cc93c887b454354be21976a8bc48def,2026-10-02T11:29:22.103475+00:00,huggingface,MelodyMachine/Deepfake-audio-detection-V2,audio,hemg-deepfakeaudio,audio/hemg-deepfakeaudio/labels.txt,1,100,100,0,6.398574918999657,2.4492430390000663,0.0638683643799959,0.06413170299947524,15.628479976543565,,,,,
3b195959f3e940808b03966ffe88c8ae,2026-10-02T11:29:35.890996+00:00,huggingface,mo-thecreator/Deepfake-audio-detection,audio,deepfake-audio-detection,audio/deepfake-audio-detection/audio_labels.txt,1,100,100,0,6.431256377999489,2.1171198169995478,0.06419594804998269,0.0675359529996058,15.549061353250867,,,,,
632ec6af81ee4cdebc820a33044f2d88,2026-10-02T11:29:49.444051+00:00,huggingface,Hemgg/Deepfake-audio-detection,audio,deepfake-audio-detection,audio/deepfake-audio-detection/audio_labels.txt,1,100,100,0,6.306064576000608,2.1023747720000756,0.06293853837992174,0.06575287499981641,15.857750708829778,,,,,
fa5a0fce4a114a84b7a6d22a64019ba6,2026-10-02T11:30:03.017295+00:00,huggingface,MelodyMachine/Deepfake-audio-detection-V2,audio,deepfake-audio-detection,audio/deepfake-audio-detection/audio_labels.txt,1,100,100,0,6.366403461999653,2.075574170999971,0.06354673018997346,0.06688083300014114,15.707455645387348,,,,,
9155ec5aeb824a0ea6f1e350e8280381,2026-10-02T11:30:15.941655+00:00,huggingface,mo-thecreator/Deepfake-audio-detection,audio,arad-audio,audio/arad-audio/labels.txt,1,100,100,0,5.550591789999999,2.2134402209994732,0.05538851585001794,0.05894330000046466,18.01609698269669,,,,,
2af0126a5e8c40f1bd869550145294a8,2026-10-02T11:30:28.778595+00:00,huggingface,Hemgg/Deepfake-audio-detection,audio,arad-audio,audio/arad-audio/labels.txt,1,100,100,0,5.500113539000267,2.1522096859998783,0.054884699580070445,0.05797485200037045,18.18144285402817,,,,,
493f471a2a4c4a068b86fbbe106e9f1f,2026-10-02T11:30:41.594724+00:00,huggingface,MelodyMachine/Deepfake-audio-detection-V2,audio,arad-audio,audio/arad-audio/labels.txt,1,100,100,0,5.537693827999647,2.1260605650004436,0.0552629825900749,0.05904717500015977,18.058058662322704,,,,,
9b54633484a242b99b5f59302ab580d4,2026-10-02T11:30:54.539155+00:00,ollama,gemma3:12b,image,human-ai-text,text/human-ai-text/labels.txt,1,100,0,0,10.534507811999902,,,,0.0,,,,,
0bf90dabc9924feb8bacb3a629768aa1,2026-10-02T11:32:17.539913+00:00,ollama,qwen3.6,image,human-ai-text,text/human-ai-text/labels.txt,1,100,0,0,81.40880019199994,,,,0.0,,,,,
b19c61a8ff934210bcc2faa434591f9f,2026-10-02T11:32:24.300675+00:00,ollama,llama3.2-vision:11b,image,human-ai-text,text/human-ai-text/labels.txt,1,100,0,0,4.038954400999501,,,,0.0,,,,,
c575db4a634e4e7e8646b821bbdbb44a,2026-10-02T11:32:46.930727+00:00,huggingface,Vansh180/VideoMae-ffc23-deepfake-detector,video,SDFVD,video/SDFVD/labels.txt,1,106,106,0,11.721269511999708,3.724859990999903,0.11043280229245592,0.12681466600042768,9.043389019549629,,,,,
701adc854e5243da85246a77b38a4d2c,2026-10-02T11:34:19.610570+00:00,huggingface,Vansh180/VideoMae-ffc23-deepfake-detector,video,dfd-video,video/dfd-video/labels.txt,1,100,100,0,82.0557426610003,3.7120625730003667,0.8203985131799527,1.323291392000101,1.218683747865563,,,,,
